	first.seqnames	first.start	first.end	first.sequence	first.strand	second.seqnames	second.start	second.end	second.sequence	pcs.width	second.strand
0	chr1	216533892	216533918	TGTAATTATGAAATTTTACAGCCATTA	*	chr1	7236804	7236830	TGTAATTATGAAATTTTACAGCCATTA	27	*
1	chr2	207316002	207316022	TAAGTTATTTACAACTGTGCA	*	chr8	123610131	123610151	TAAGTTATTTACAACTGTGCA	21	*
2	chr6	85292518	85292540	CCATGAACAATCTATTTTGAGCC	*	chr3	90765236	90765258	CCATGAACAATCTATTTTGAGCC	23	*
3	chr8	27064913	27064932	TGGGCAAAATGTACAAGGGC	*	chrX	156317291	156317310	TGGGCAAAATGTACAAGGGC	20	*
4	chr9	16708835	16708863	ATTCAGCGCTTTAACAAATCAATGCCACT	*	chr4	84445512	84445540	ATTCAGCGCTTTAACAAATCAATGCCACT	29	*
5	chr10	84391697	84391716	ATTGGTCGTCTTGGTTACGT	*	chr13	21896493	21896512	ATTGGTCGTCTTGGTTACGT	20	*
6	chr10	84391723	84391751	TCAAGAGGTGGCCCCCATGCTACAGCAGT	*	chr13	21896519	21896547	TCAAGAGGTGGCCCCCATGCTACAGCAGT	29	*
7	chr10	117023146	117023182	TACTGTCTTTTGGTCAAGTTTCTTTAAACTTTCAAAG	*	chrX	156316962	156316998	TACTGTCTTTTGGTCAAGTTTCTTTAAACTTTCAAAG	37	*
8	chr15	97401281	97401301	CATCTTCAGCAGTGGACCGAG	*	chr7	76008952	76008972	CATCTTCAGCAGTGGACCGAG	21	*
9	chr21	26234864	26234899	TTTTAGTGTGCTCACAGAAAATTAGAACACCTTAAG	*	chr10	37010844	37010879	TTTTAGTGTGCTCACAGAAAATTAGAACACCTTAAG	36	*
10	chrX	45913050	45913079	CCCTTTGGCTGACCTTACCGGAAGCCATGA	*	chr2	162774834	162774863	CCCTTTGGCTGACCTTACCGGAAGCCATGA	30	*
11	chrX	74145041	74145078	ATTCTTTGAAAGTTTAAAGAAACTTGACCAAAAGACAG	*	chrX	13159592	13159629	ATTCTTTGAAAGTTTAAAGAAACTTGACCAAAAGACAG	38	*
12	chrX	75678848	75678875	TGTACTGTCTTTTGGTCAAGTTTCTTTA	*	chrX	156316960	156316987	TGTACTGTCTTTTGGTCAAGTTTCTTTA	28	*
13	chrX	143677876	143677898	TTTTCAGCTATTTCCTGTGAAGC	*	chr11	71700982	71701004	TTTTCAGCTATTTCCTGTGAAGC	23	*
14	chrY	13335920	13335941	GCAGAGAGCTGAGGATTGTCTG	*	chrX	151355929	151355950	GCAGAGAGCTGAGGATTGTCTG	22	*
